id  ;name                                ;slogan
  1 ;Corkery Group                       ;aggregate mission-critical synergies
  2 ;Sawayn-Konopelski                   ;synthesize killer functionalities
  3 ;Schneider, Dickinson and Vandervort ;matrix bricks-and-clicks networks
  4 ;Orn, Cremin and Larson              ;deliver end-to-end models
  5 ;Walker-Maggio                       ;embrace sticky initiatives
  6 ;Champlin, Wilderman and Bechtelar   ;productize proactive schemas
  7 ;Brekke and Sons                     ;reintermediate B2B web-readiness
  8 ;Hessel LLC                          ;enhance efficient eyeballs
  9 ;Sporer Group                        ;reinvent leading-edge channels
 10 ;Denesik LLC                         ;grow viral synergies
 11 ;Donnelly-Effertz                    ;orchestrate vertical portals
 12 ;Yost, Ritchie and Predovic          ;extend strategic eyeballs
 13 ;Smitham, Schimmel and Hilll         ;repurpose intuitive communities
 14 ;Mayer, Ritchie and DuBuque          ;deliver best-of-breed metrics
 15 ;Balistreri-Blanda                   ;scale back-end convergence
 16 ;Lebsack and Sons                    ;aggregate impactful niches
 17 ;Kling, Greenholt and Fritsch        ;generate clicks-and-mortar paradigms
 18 ;Haag, Conn and Heller               ;synergize scalable solutions
 19 ;Russel-Boyer                        ;recontextualize scalable supply-chains
 20 ;Powlowski Group                     ;revolutionize proactive functionalities
 21 ;Witting LLC                         ;grow robust interfaces
 22 ;Von-Morissette                      ;whiteboard 24/7 web-readiness
 23 ;Kilback-Bosco                       ;engineer intuitive content
 24 ;Wilkinson Inc                       ;evolve cross-media e-tailers
 25 ;Sawayn, Torphy and VonRueden        ;recontextualize cross-platform partnerships
 26 ;Legros-Nienow                       ;optimize world-class e-business
 27 ;Murray Group                        ;target turn-key action-items
 28 ;Gottlieb Inc                        ;empower sexy convergence
 29 ;Miller-Goyette                      ;innovate leading-edge vortals
 30 ;Kuhic-Gibson                        ;maximize value-added e-business
 31 ;Leannon-Cronin                      ;incubate interactive solutions
 32 ;Hand-Balistreri                     ;implement enterprise channels
 33 ;Ledner Group                        ;benchmark customized experiences
 34 ;Pouros-Hintz                        ;envisioneer revolutionary mindshare
 35 ;Mills-Goyette                       ;iterate holistic markets
 36 ;Heidenreich-O'Conner                ;iterate B2C infomediaries
 37 ;Goldner LLC                         ;whiteboard enterprise bandwidth
 38 ;Stark LLC                           ;envisioneer killer systems
 39 ;Koepp-Medhurst                      ;reinvent plug-and-play niches
 40 ;Bruen and Sons                      ;deploy B2B vortals
 41 ;Sipes Inc                           ;drive cross-platform schemas
 42 ;Fisher-Langworth                    ;enhance holistic applications
 43 ;Nolan, Osinski and O'Hara           ;redefine value-added web services
 44 ;Johnson-Hickle                      ;engineer next-generation users
 45 ;Vandervort-Adams                    ;envisioneer customized infrastructures
 46 ;Nicolas, MacGyver and Schuppe       ;streamline customized ROI
 47 ;Schumm-Funk                         ;productize proactive supply-chains
 48 ;Dooley-Reichel                      ;benchmark enterprise models
 49 ;Stoltenberg-Mertz                   ;whiteboard world-class synergies
 50 ;Ruecker-Nikolaus                    ;optimize visionary methodologies
 51 ;Towne, Bartoletti and Ferry         ;matrix seamless convergence
 52 ;Weissnat, Parker and Bartoletti     ;engage integrated e-markets
 53 ;Prohaska-Halvorson                  ;innovate one-to-one functionalities
 54 ;Pagac Inc                           ;repurpose transparent eyeballs
 55 ;Crist LLC                           ;optimize impactful e-services
 56 ;Dicki-Koss                          ;grow customized infomediaries
 57 ;Mohr, Smitham and Kertzmann         ;evolve 24/7 e-services
 58 ;Howell Group                        ;unleash virtual networks
 59 ;Toy, Leannon and Hintz              ;deliver global methodologies
 60 ;Harris, Reynolds and Jast           ;monetize end-to-end platforms
 61 ;Little-Durgan                       ;reinvent vertical interfaces
 62 ;Cruickshank and Sons                ;cultivate ubiquitous models
 63 ;Funk-Dietrich                       ;exploit 24/365 metrics
 64 ;Bradtke-Block                       ;target bleeding-edge relationships
 65 ;Pfannerstill, Bayer and Mayer       ;unleash viral niches
 66 ;Casper LLC                          ;repurpose granular applications
 67 ;Bogan, Glover and Kerluke           ;reintermediate collaborative initiatives
 68 ;MacGyver-Stamm                      ;generate vertical web services
 69 ;VonRueden-Ferry                     ;maximize cutting-edge e-services
 70 ;Berge-Cummerata                     ;orchestrate ubiquitous e-commerce
 71 ;Feeney, Jacobi and Kozey            ;reinvent best-of-breed synergies
 72 ;Kulas Inc                           ;orchestrate end-to-end bandwidth
 73 ;Ondricka and Sons                   ;enhance frictionless models
 74 ;Steuber Group                       ;deliver synergistic methodologies
 75 ;Ziemann-Renner                      ;synergize robust bandwidth
 76 ;Bradtke-Abshire                     ;empower front-end architectures
 77 ;Yundt-Carter                        ;syndicate extensible methodologies
 78 ;Lakin Group                         ;deliver extensible web-readiness
 79 ;Armstrong Group                     ;embrace efficient infrastructures
 80 ;Boehm-Pollich                       ;revolutionize transparent paradigms
 81 ;Jacobs, Dach and Ferry              ;integrate mission-critical metrics
 82 ;Leffler-West                        ;target revolutionary models
 83 ;Renner, Stehr and Kunde             ;synergize B2B channels
 84 ;Treutel-Abernathy                   ;deliver revolutionary schemas
 85 ;Murray Group                        ;incubate viral infomediaries
 86 ;Zieme-Kuvalis                       ;utilize viral methodologies
 87 ;Zulauf LLC                          ;utilize interactive partnerships
 88 ;McCullough, McCullough and Donnelly ;mesh strategic interfaces
 89 ;Ankunding-Frami                     ;facilitate cross-media users
 90 ;Mayert, Goldner and Ward            ;evolve innovative infrastructures
 91 ;Kub, Kunze and Moore                ;transform user-centric deliverables
 92 ;Kunze, Runolfsson and Emmerich      ;harness rich e-tailers
 93 ;Goldner LLC                         ;architect bleeding-edge e-markets
 94 ;Purdy Inc                           ;drive 24/7 portals
 95 ;Emmerich Inc                        ;deliver revolutionary e-services
 96 ;Wisozk, Dicki and Lind              ;unleash extensible niches
 97 ;Oberbrunner Group                   ;transition efficient eyeballs
 98 ;Wintheiser Group                    ;empower next-generation networks
 99 ;Marquardt and Sons                  ;productize user-centric initiatives
100 ;Goodwin-Kunde                       ;disintermediate cross-media systems
101 ;Bashirian Group                     ;cultivate ubiquitous channels
102 ;Kozey-Skiles                        ;deploy dot-com ROI
103 ;Zemlak-VonRueden                    ;repurpose magnetic e-services
104 ;Kautzer Group                       ;reinvent robust methodologies
105 ;Murazik, Purdy and Little           ;recontextualize B2C web services
106 ;Gutkowski-Stracke                   ;deploy seamless platforms
107 ;Jacobs-Kulas                        ;evolve bleeding-edge action-items
108 ;O'Connell Inc                       ;reinvent synergistic synergies
109 ;Prohaska-Howell                     ;productize sexy content
110 ;Hudson-Vandervort                   ;benchmark efficient vortals
111 ;Tillman, Braun and Lemke            ;empower value-added methodologies
112 ;Sanford, Erdman and Ritchie         ;reinvent ubiquitous architectures
113 ;Kreiger-Wisozk                      ;embrace synergistic initiatives
114 ;Hintz, Waters and Johnston          ;incubate collaborative functionalities
115 ;Grimes, Grimes and Gutkowski        ;synergize best-of-breed e-business
116 ;Friesen, Rowe and Schultz           ;enable virtual initiatives
117 ;Murphy and Sons                     ;harness seamless partnerships
118 ;Harber LLC                          ;visualize bricks-and-clicks users
119 ;Lubowitz-Runolfsson                 ;implement world-class platforms
120 ;Streich and Sons                    ;synthesize open-source partnerships
121 ;Hamill and Sons                     ;strategize vertical metrics
122 ;Kertzmann, Weissnat and Lueilwitz   ;iterate efficient content
123 ;Frami LLC                           ;harness mission-critical networks
124 ;Daniel-Marquardt                    ;deploy collaborative e-tailers
125 ;Mitchell, Harber and Rau            ;implement e-business technologies
126 ;Schuster Inc                        ;harness global e-commerce
127 ;Swift, Kshlerin and Osinski         ;enable strategic e-commerce
128 ;Franecki, Hamill and Leffler        ;empower compelling paradigms
129 ;Glover-Langosh                      ;iterate B2B web-readiness
130 ;Corwin Inc                          ;optimize B2B e-commerce
131 ;Klein LLC                           ;reintermediate leading-edge eyeballs
132 ;Jerde LLC                           ;synergize robust e-services
133 ;Friesen, Baumbach and Murazik       ;leverage value-added initiatives
134 ;Crona, Gislason and Bradtke         ;deliver ubiquitous infrastructures
135 ;Wiegand, Mitchell and Schuppe       ;incubate user-centric communities
136 ;Hintz, Cronin and McCullough        ;strategize user-centric functionalities
137 ;Reichel LLC                         ;optimize customized methodologies
138 ;Wunsch, Keebler and Jacobs          ;exploit out-of-the-box mindshare
139 ;Rowe LLC                            ;engage transparent supply-chains
140 ;Conn Group                          ;leverage seamless partnerships
141 ;Schinner, Parker and Lindgren       ;leverage enterprise interfaces
142 ;Wunsch Inc                          ;transform world-class vortals
143 ;Brown, Strosin and Hodkiewicz       ;redefine out-of-the-box web-readiness
144 ;Batz-Hessel                         ;drive customized content
145 ;Murazik and Sons                    ;recontextualize world-class initiatives
146 ;Donnelly and Sons                   ;reinvent sexy vortals
147 ;Halvorson LLC                       ;integrate B2B e-services
148 ;Schaefer, Abshire and Beahan        ;utilize enterprise vortals
149 ;Zemlak-Berge                        ;synergize killer users
150 ;Donnelly Group                      ;facilitate 24/7 paradigms
151 ;McGlynn Inc                         ;implement scalable vortals
152 ;Will-Kuvalis                        ;iterate granular functionalities
153 ;Stehr Inc                           ;recontextualize strategic e-tailers
154 ;Jacobson-Pfannerstill               ;revolutionize magnetic infrastructures
155 ;Berge LLC                           ;evolve user-centric interfaces
156 ;Rath, Frami and Kirlin              ;implement magnetic metrics
157 ;Feeney LLC                          ;cultivate cutting-edge vortals
158 ;Hamill Inc                          ;monetize distributed applications
159 ;Bernier Group                       ;strategize real-time applications
160 ;Conroy, Vandervort and Gerhold      ;embrace vertical deliverables
161 ;Dickinson and Sons                  ;exploit enterprise users
162 ;Huel Inc                            ;enable mission-critical networks
163 ;Hickle Inc                          ;aggregate killer e-tailers
164 ;Goldner, Paucek and Steuber         ;incentivize ubiquitous methodologies
165 ;O'Keefe-Lind                        ;repurpose user-centric interfaces
166 ;Mertz LLC                           ;monetize dot-com methodologies
167 ;Dicki Inc                           ;synthesize transparent paradigms
168 ;Okuneva and Sons                    ;aggregate next-generation convergence
169 ;Sawayn Group                        ;repurpose magnetic portals
170 ;Boyer, Weissnat and Weimann         ;recontextualize cutting-edge synergies
171 ;Gleason and Sons                    ;expedite proactive web-readiness
172 ;Mueller Group                       ;synthesize next-generation methodologies
173 ;Schneider Group                     ;deploy value-added web services
174 ;Zulauf, Mraz and Beer               ;reintermediate compelling initiatives
175 ;Smith LLC                           ;revolutionize collaborative mindshare
176 ;Wiza and Sons                       ;recontextualize integrated systems
177 ;Champlin LLC                        ;synthesize 24/365 deliverables
178 ;Hoppe-Leffler                       ;orchestrate dynamic e-tailers
179 ;Strosin, Krajcik and Pollich        ;target impactful supply-chains
180 ;Mills-Treutel                       ;target impactful eyeballs
181 ;Stracke Group                       ;embrace distributed vortals
182 ;Beatty, Bartoletti and Quigley      ;scale cutting-edge users
183 ;Hilll, Lind and Pollich             ;cultivate interactive action-items
184 ;Klein, Keeling and Walter           ;streamline bleeding-edge markets
185 ;Stanton LLC                         ;innovate vertical e-tailers
186 ;Toy, Moen and Rippin                ;whiteboard ubiquitous metrics
187 ;Koch, O'Conner and Crooks           ;syndicate killer schemas
188 ;Kutch-Stamm                         ;deliver efficient networks
189 ;Tromp, Kessler and Hills            ;revolutionize 24/7 e-tailers
190 ;Auer-Trantow                        ;reinvent out-of-the-box methodologies
191 ;Bauch-Lang                          ;monetize 24/365 architectures
192 ;Heaney, Daugherty and Upton         ;enhance cross-media portals
193 ;Ledner-Bednar                       ;monetize robust web-readiness
194 ;Armstrong-Kulas                     ;strategize user-centric supply-chains
195 ;Herman Group                        ;morph virtual architectures
196 ;Bogan-Kohler                        ;empower enterprise portals
197 ;Pfeffer, Lindgren and Kreiger       ;drive plug-and-play content
198 ;Champlin-Erdman                     ;e-enable impactful web-readiness
199 ;Kuvalis, Mueller and Dietrich       ;transform sticky experiences
200 ;Beahan, Goyette and Lowe            ;orchestrate back-end functionalities
