id   ,first_name     ,last_name             ,company_id
   1 ,Katina         ,Kingcott              ,        19
   2 ,Lynette        ,Arent                 ,       118
   3 ,Gilberta       ,Bellelli              ,        97
   4 ,Geralda        ,Paull                 ,       122
   5 ,Merline        ,Brookesbie            ,       107
   6 ,Farlie         ,Fear                  ,        94
   7 ,Athene         ,di Rocca              ,       168
   8 ,Esmaria        ,Salvage               ,        46
   9 ,Keen           ,Dumphreys             ,       139
  10 ,Avivah         ,MacCorley             ,       129
  11 ,Tallie         ,Scargill              ,       173
  12 ,Artie          ,Soppit                ,       144
  13 ,Melanie        ,Caton                 ,        26
  14 ,Smith          ,Normanvell            ,        83
  15 ,Derek          ,Sherebrook            ,        98
  16 ,Ansley         ,Beckett               ,        23
  17 ,Ivor           ,Seamons               ,         6
  18 ,Gusty          ,MacKeeg               ,        49
  19 ,Deerdre        ,Verring               ,        30
  20 ,Katuscha       ,De Freyne             ,        34
  21 ,Arline         ,Squibbs               ,        96
  22 ,Doti           ,Beaman                ,       114
  23 ,Mychal         ,Runcie                ,       200
  24 ,Sibeal         ,Ions                  ,        90
  25 ,Elmore         ,Ahren                 ,        90
  26 ,Blayne         ,Ligertwood            ,       103
  27 ,Hilton         ,Kraut                 ,        48
  28 ,Melanie        ,Harrisson             ,        40
  29 ,Farris         ,Teresia               ,        96
  30 ,Antonia        ,Brithman              ,        48
  31 ,Deedee         ,McCluin               ,       139
  32 ,Falkner        ,Woollends             ,       138
  33 ,Colline        ,MacCarter             ,       154
  34 ,Lonna          ,Leathart              ,       131
  35 ,Avictor        ,Cram                  ,       165
  36 ,Kori           ,Lillicrop             ,        22
  37 ,Petronella     ,Laurencot             ,        94
  38 ,Helenelizabeth ,Croose                ,        65
  39 ,Lauretta       ,Tomasicchio           ,        54
  40 ,Pascale        ,Sellek                ,        87
  41 ,Pennie         ,Chatenet              ,        59
  42 ,Hasty          ,Verdun                ,       110
  43 ,Radcliffe      ,Maynell               ,        61
  44 ,Barrie         ,Denton                ,       146
  45 ,Seamus         ,Romayne               ,         4
  46 ,Seka           ,Ivankov               ,       167
  47 ,Heddie         ,Orrin                 ,        82
  48 ,Aurlie         ,Covendon              ,        50
  49 ,Son            ,Kingsbury             ,        13
  50 ,Jaquenetta     ,Allison               ,       199
  51 ,Shermy         ,Kleine                ,       128
  52 ,Stefa          ,McElory               ,       153
  53 ,Zabrina        ,Kringe                ,        67
  54 ,Marillin       ,Cannon                ,       181
  55 ,Tybi           ,Dobbyn                ,        22
  56 ,Mordy          ,Sperski               ,        49
  57 ,Jule           ,McCandie              ,        56
  58 ,Lorita         ,Maine                 ,       148
  59 ,Carolyn        ,O' Flaherty           ,       179
  60 ,Allx           ,Gartery               ,       139
  61 ,Devlen         ,Chevin                ,       127
  62 ,Derrik         ,Speke                 ,       145
  63 ,Carita         ,Grimsdell             ,        13
  64 ,Townie         ,Vasilik               ,       181
  65 ,Tate           ,Mongeot               ,        25
  66 ,Thadeus        ,Colliber              ,        52
  67 ,Joye           ,Feldmark              ,       142
  68 ,Ewan           ,Gregolotti            ,       126
  69 ,Bab            ,Eyden                 ,       151
  70 ,Laverne        ,Kringe                ,       146
  71 ,Crichton       ,Yarker                ,        37
  72 ,Meredeth       ,Whitton               ,        16
  73 ,Modestine      ,Enrico                ,         9
  74 ,Thomasa        ,Angeau                ,       166
  75 ,Marne          ,Levesque              ,       195
  76 ,Martina        ,Minchinden            ,        85
  77 ,Evered         ,Gadaud                ,       149
  78 ,Brittany       ,Swainger              ,        10
  79 ,Felipe         ,Curryer               ,        30
  80 ,Rasla          ,Kohtler               ,         8
  81 ,Ermanno        ,O'Hern                ,       176
  82 ,Dorothea       ,Batrick               ,         2
  83 ,Abrahan        ,Beatson               ,        16
  84 ,Britte         ,Clavey                ,       137
  85 ,Ingunna        ,Ivanenko              ,       151
  86 ,Adriaens       ,Berendsen             ,        53
  87 ,Brooke         ,Severwright           ,        86
  88 ,Aurlie         ,Upwood                ,       182
  89 ,Gizela         ,Kittredge             ,       147
  90 ,Braden         ,Sproul                ,        52
  91 ,Eugenie        ,Georgeot              ,       195
  92 ,Deloria        ,Durrad                ,       112
  93 ,Lemar          ,Rollingson            ,        15
  94 ,Zara           ,Vispo                 ,       108
  95 ,Norene         ,Penticoot             ,       107
  96 ,Moina          ,Bellison              ,       188
  97 ,Gustavo        ,Bodill                ,        21
  98 ,Woodman        ,Goff                  ,       173
  99 ,Saunders       ,Simester              ,       151
 100 ,Sigrid         ,Gracewood             ,       171
 101 ,Sheelah        ,Wilsee                ,       115
 102 ,Georgine       ,Jeppensen             ,        93
 103 ,Miof mela      ,Bisley                ,       180
 104 ,Odille         ,Ciepluch              ,        31
 105 ,Venus          ,Rubenfeld             ,        94
 106 ,Brunhilde      ,Golborn               ,        21
 107 ,Chase          ,Mundwell              ,        18
 108 ,Sherrie        ,Basilio               ,        47
 109 ,Aurora         ,Culross               ,        93
 110 ,Stanfield      ,Croston               ,        65
 111 ,Adams          ,Ferry                 ,        85
 112 ,Adair          ,Ander                 ,       143
 113 ,Benny          ,Caldwall              ,       183
 114 ,Sibelle        ,Tourville             ,        44
 115 ,Serene         ,Roncelli              ,       179
 116 ,Godiva         ,Shaplin               ,         4
 117 ,Ingemar        ,Britney               ,       124
 118 ,Corene         ,Palphramand           ,        52
 119 ,Ellerey        ,Oldcote               ,        74
 120 ,Rickert        ,Babbs                 ,        56
 121 ,Aland          ,Dik                   ,       200
 122 ,Todd           ,Sallings              ,       127
 123 ,Eugene         ,Royston               ,        28
 124 ,Ofelia         ,Beldan                ,       195
 125 ,Reyna          ,McGowing              ,        17
 126 ,Yuma           ,Dilley                ,       165
 127 ,Neysa          ,Blum                  ,       174
 128 ,Reagen         ,Iliffe                ,         5
 129 ,Myriam         ,Pechan                ,       130
 130 ,Abigale        ,Mateev                ,       101
 131 ,Madella        ,Lazell                ,        37
 132 ,Hermie         ,Arnke                 ,       192
 133 ,Cull           ,Huckstepp             ,        16
 134 ,Dalston        ,Heffer                ,       133
 135 ,Lorita         ,Jakobsson             ,        55
 136 ,Nahum          ,Peasegod              ,        18
 137 ,Brendis        ,Schistl               ,        37
 138 ,Gale           ,Squirrel              ,       150
 139 ,Robert         ,Starzaker             ,       123
 140 ,Gail           ,Du Fray               ,        37
 141 ,Osborne        ,MacSweeney            ,       157
 142 ,Virgie         ,Brill                 ,        59
 143 ,Deina          ,Swindells             ,       177
 144 ,Maximo         ,Langfat               ,       112
 145 ,Andris         ,Bysshe                ,         8
 146 ,Kennett        ,Scarasbrick           ,       100
 147 ,Fremont        ,Abbe                  ,        37
 148 ,Elvera         ,Doerffer              ,       200
 149 ,Tomaso         ,Severs                ,       153
 150 ,Lizabeth       ,Freegard              ,        67
 151 ,Gordy          ,Oki                   ,        78
 152 ,Petronilla     ,Ditt                  ,        76
 153 ,Sib            ,Cardenas              ,        58
 154 ,Agathe         ,Oakden                ,       161
 155 ,Jonie          ,Pusey                 ,        26
 156 ,Guthrie        ,Abbay                 ,        56
 157 ,Winn           ,MacGlory              ,        62
 158 ,Wyn            ,McInulty              ,       180
 159 ,Terri          ,Gresly                ,       173
 160 ,Effie          ,Faughny               ,        30
 161 ,Emelda         ,Wardell               ,        15
 162 ,Fulvia         ,Debrick               ,       137
 163 ,Cordy          ,Grisedale             ,        23
 164 ,Denni          ,Hutchcraft            ,        98
 165 ,Caroline       ,Van Der Walt          ,       118
 166 ,Mitchell       ,Gradon                ,       187
 167 ,Arny           ,Brocklehurst          ,       189
 168 ,Agretha        ,Lafflin               ,        44
 169 ,Donavon        ,Crimpe                ,       182
 170 ,Bond           ,Vondrak               ,       104
 171 ,Gray           ,Chippendale           ,        74
 172 ,Kenna          ,Gaythorpe             ,       104
 173 ,Egor           ,Ciccoloi              ,       158
 174 ,Mamie          ,Millen                ,       132
 175 ,Jennee         ,Swindley              ,       146
 176 ,Karim          ,Theurer               ,         2
 177 ,Ginger         ,Wandtke               ,        81
 178 ,Palm           ,D'Ambrogi             ,       113
 179 ,Nicolais       ,O'Sharry              ,        24
 180 ,Milzie         ,Hiscoke               ,        42
 181 ,Delbert        ,O'Sheilds             ,       107
 182 ,Hermann        ,Beckmann              ,       153
 183 ,Sofia          ,Fulep                 ,        31
 184 ,Karine         ,Sapsforde             ,        59
 185 ,Langsdon       ,Luckman               ,        89
 186 ,Gabie          ,Troker                ,        18
 187 ,Magdalen       ,Halston               ,       160
 188 ,Chrystal       ,Lernihan              ,        24
 189 ,Georgiana      ,Joselson              ,        25
 190 ,Neille         ,Nyland                ,       128
 191 ,Leeann         ,Betteriss             ,       110
 192 ,Rurik          ,Foker                 ,        29
 193 ,Natalee        ,Pizer                 ,       174
 194 ,Travis         ,Keel                  ,       161
 195 ,Rachelle       ,Miranda               ,       176
 196 ,Betteann       ,Coatham               ,        35
 197 ,Jolynn         ,Shaddock              ,       191
 198 ,Evonne         ,Crawshaw              ,       190
 199 ,Harrie         ,Shere                 ,        88
 200 ,Irina          ,Whitfeld              ,       129
 201 ,Federica       ,Cokly                 ,        78
 202 ,Maritsa        ,Munnery               ,       162
 203 ,Valerye        ,Nowak                 ,        66
 204 ,Alvira         ,Powles                ,        20
 205 ,Roseanne       ,Noble                 ,       115
 206 ,Ogden          ,Menaul                ,       177
 207 ,Stepha         ,Dench                 ,        92
 208 ,Baily          ,Sissel                ,        21
 209 ,Karine         ,Lokier                ,        52
 210 ,Jaymie         ,Renoden               ,        30
 211 ,Biron          ,Dosedale              ,        29
 212 ,Edsel          ,Harteley              ,        67
 213 ,Harriette      ,McGebenay             ,       193
 214 ,Regan          ,Kelsall               ,        43
 215 ,Timmi          ,Offer                 ,         2
 216 ,Grannie        ,Teresi                ,       189
 217 ,Gretel         ,Makiver               ,       125
 218 ,Velvet         ,Hachard               ,       152
 219 ,April          ,Risso                 ,       187
 220 ,Sibella        ,Hadkins               ,        78
 221 ,Noemi          ,Boyton                ,       122
 222 ,Maiga          ,Witherup              ,        11
 223 ,Fan            ,Ginie                 ,        47
 224 ,Giordano       ,McBeth                ,        27
 225 ,Wendie         ,Ickowicz              ,         4
 226 ,Gasper         ,Gorghetto             ,       153
 227 ,Marice         ,Sabbin                ,       126
 228 ,Teodora        ,Doel                  ,        51
 229 ,Diahann        ,Chrismas              ,       119
 230 ,Drucy          ,Noads                 ,        89
 231 ,Alfred         ,Pavis                 ,        71
 232 ,Adorne         ,Fleis                 ,        95
 233 ,Park           ,Oldland               ,        26
 234 ,Lona           ,Snelgrove             ,       176
 235 ,Currie         ,O'Mannion             ,       195
 236 ,Heall          ,Hoggin                ,       104
 237 ,Anna           ,Jeandot               ,       168
 238 ,Octavius       ,Chopping              ,        24
 239 ,Justine        ,Messam                ,        96
 240 ,Joell          ,Nieass                ,       114
 241 ,Winny          ,Stuer                 ,        88
 242 ,Nataline       ,Gabala                ,        75
 243 ,Amberly        ,Eliez                 ,        98
 244 ,Richmound      ,Prestland             ,       150
 245 ,Lusa           ,Vanyukhin             ,       172
 246 ,Shandeigh      ,Sayles                ,       134
 247 ,Bard           ,Plaistowe             ,       172
 248 ,Axe            ,Chapiro               ,       158
 249 ,Devinne        ,Blackborne            ,       181
 250 ,Carey          ,Killelea              ,        68
 251 ,Fionna         ,Dingate               ,       146
 252 ,Emlyn          ,Digle                 ,       126
 253 ,Griffith       ,Haversham             ,        58
 254 ,Antoine        ,Hartzenberg           ,        63
 255 ,Arlinda        ,Zmitruk               ,       108
 256 ,Raphael        ,Cutress               ,        61
 257 ,Emelen         ,Kahen                 ,       144
 258 ,Caressa        ,Guerola               ,        48
 259 ,Loise          ,Dankov                ,       123
 260 ,Dasha          ,Dessent               ,       187
 261 ,Gretchen       ,Tinghill              ,       184
 262 ,Dasha          ,Wisson                ,        56
 263 ,Whittaker      ,Minker                ,       133
 264 ,Krystyna       ,Bunten                ,       149
 265 ,Wesley         ,Mariet                ,        15
 266 ,Kathrine       ,Freestone             ,       146
 267 ,Gerhard        ,Oager                 ,        71
 268 ,Esma           ,Nolda                 ,       137
 269 ,Sher           ,Claremont             ,       170
 270 ,Di             ,Extal                 ,       189
 271 ,Minni          ,Cymper                ,       102
 272 ,Dynah          ,Sprosson              ,       122
 273 ,Teressa        ,Kingcott              ,        82
 274 ,Noella         ,Tomczak               ,        94
 275 ,Skippie        ,Aspy                  ,        18
 276 ,Lucine         ,Cars                  ,       110
 277 ,Ashleigh       ,Androletti            ,        19
 278 ,Julian         ,Baudinet              ,        43
 279 ,Robbin         ,Featherstonhaugh      ,       122
 280 ,Giorgia        ,Edgeley               ,        64
 281 ,Selestina      ,Stollmeier            ,        95
 282 ,Sayre          ,Weiser                ,        76
 283 ,Rita           ,Dollard               ,       151
 284 ,Marnie         ,Blacklawe             ,        64
 285 ,Jarret         ,MacMorland            ,        35
 286 ,Ronny          ,Chevis                ,       200
 287 ,Izzy           ,Huegett               ,        44
 288 ,Rhea           ,Merrisson             ,       122
 289 ,Pebrook        ,Hidderley             ,       193
 290 ,Arther         ,Bahlmann              ,        89
 291 ,Orrin          ,Lawman                ,         3
 292 ,Mortie         ,Lownie                ,        87
 293 ,Jeannine       ,Vigurs                ,        93
 294 ,Tobias         ,Beeckx                ,         2
 295 ,Ric            ,Faichney              ,        99
 296 ,Woodie         ,Draycott              ,        18
 297 ,Mallissa       ,Cornau                ,        95
 298 ,Ilka           ,Kent                  ,        79
 299 ,Rafael         ,Feek                  ,        91
 300 ,Leonanie       ,Ubanks                ,        93
 301 ,Violet         ,Ascrofte              ,       127
 302 ,Sheppard       ,Sharp                 ,        91
 303 ,Catherin       ,Scarlan               ,        17
 304 ,Karoly         ,Stinson               ,        36
 305 ,Bonny          ,Petren                ,       124
 306 ,Isidora        ,Conring               ,       104
 307 ,Henry          ,Verdey                ,        48
 308 ,Sal            ,Steynor               ,        32
 309 ,Sandi          ,Merrifield            ,        77
 310 ,Zane           ,Tubby                 ,        92
 311 ,Gawain         ,Goundsy               ,       158
 312 ,Aggie          ,Godlip                ,       131
 313 ,Mariel         ,Ralston               ,        17
 314 ,Dalila         ,Knibbs                ,       175
 315 ,Conni          ,Etteridge             ,        17
 316 ,Barry          ,Ubsdale               ,        92
 317 ,Judon          ,Gillhespy             ,         3
 318 ,Dorree         ,Harlowe               ,        91
 319 ,Sanford        ,Bulward               ,        97
 320 ,Arliene        ,Ferryman              ,       106
 321 ,Jefferson      ,Renshell              ,       194
 322 ,Vevay          ,Dawltrey              ,       174
 323 ,Erwin          ,Adolphine             ,        79
 324 ,Allistir       ,Bynert                ,        38
 325 ,Kelcey         ,Ager                  ,        13
 326 ,Heindrick      ,Goldbourn             ,       177
 327 ,Rahal          ,Blethyn               ,       200
 328 ,Lolita         ,Loghan                ,        57
 329 ,Ricca          ,Labden                ,        78
 330 ,Waylin         ,Brigden               ,       110
 331 ,Olivia         ,Wallworth             ,       170
 332 ,Estell         ,Drake                 ,       137
 333 ,Cornell        ,Scolli                ,        64
 334 ,Kristofer      ,De Andreis            ,        90
 335 ,Ferd           ,Churchward            ,       170
 336 ,Ebony          ,Sauvain               ,       140
 337 ,Putnam         ,Caldecourt            ,       107
 338 ,Alma           ,Dukesbury             ,        75
 339 ,Eada           ,Mattacks              ,       199
 340 ,Jamill         ,Anniwell              ,        77
 341 ,Avie           ,Braven                ,        51
 342 ,Brianna        ,Laurie                ,        70
 343 ,Vonnie         ,Rusk                  ,        24
 344 ,Noll           ,Rosenthal             ,        10
 345 ,Belle          ,MacKilroe             ,       119
 346 ,Cordelia       ,Frontczak             ,        19
 347 ,Mimi           ,Boocock               ,        48
 348 ,Emmalynne      ,Smail                 ,        98
 349 ,Mel            ,Dade                  ,        33
 350 ,Trueman        ,Warrillow             ,        71
 351 ,Tabbitha       ,Duetsche              ,        72
 352 ,Elise          ,Gethins               ,        18
 353 ,Robinett       ,Gartin                ,        28
 354 ,Lin            ,Radmore               ,       161
 355 ,Husein         ,Pounsett              ,       171
 356 ,Dwight         ,Redwin                ,        19
 357 ,Rhett          ,Theis                 ,       123
 358 ,Harv           ,Chastenet             ,        69
 359 ,Bondy          ,Toogood               ,       101
 360 ,Hill           ,Batson                ,       188
 361 ,Tommie         ,Siddall               ,        46
 362 ,Kennan         ,Naton                 ,       131
 363 ,Velvet         ,Castagnier            ,       144
 364 ,Jeri           ,Szubert               ,       145
 365 ,Silvie         ,Macbane               ,       182
 366 ,Jammal         ,Lead                  ,       114
 367 ,Chester        ,Kerford               ,        12
 368 ,Yorgos         ,Ferandez              ,        64
 369 ,Haleigh        ,Clinch                ,       188
 370 ,Amble          ,Molden                ,       101
 371 ,Porty          ,MacPeake              ,       161
 372 ,Brigham        ,Spracklin             ,       124
 373 ,Harbert        ,Aleso                 ,       153
 374 ,Meade          ,Newband               ,        93
 375 ,Joye           ,Mugglestone           ,       103
 376 ,Ulrikaumeko    ,Ruperti               ,       103
 377 ,Paddie         ,Kibbe                 ,        78
 378 ,Mallissa       ,Willgrass             ,       113
 379 ,Dael           ,Von Salzberg          ,       197
 380 ,Lyle           ,Rickards              ,        47
 381 ,Dinah          ,Larvent               ,       181
 382 ,Desi           ,Piesold               ,       114
 383 ,Kendra         ,Brownsall             ,       197
 384 ,Lindie         ,Eminson               ,       144
 385 ,Marty          ,Gummer                ,        72
 386 ,Dottie         ,Banfield              ,       115
 387 ,Neddy          ,Irwin                 ,       112
 388 ,Ilaire         ,Schulkins             ,        88
 389 ,Dalenna        ,Ferrarone             ,        49
 390 ,Shaughn        ,Sleeman               ,       173
 391 ,Crawford       ,Wyson                 ,       111
 392 ,Mill           ,Inker                 ,       155
 393 ,Benedetto      ,Jenman                ,       199
 394 ,Burt           ,Christophe            ,        31
 395 ,Huntington     ,Pomphrett             ,        95
 396 ,Averil         ,Tott                  ,        90
 397 ,Camala         ,Kiggel                ,       199
 398 ,Reginald       ,Gonthard              ,        64
 399 ,Bella          ,Berr                  ,        90
 400 ,Lanae          ,Bangs                 ,        39
 401 ,Cristy         ,Stocker               ,        49
 402 ,Bee            ,Bucklan               ,        43
 403 ,Royal          ,Esom                  ,        57
 404 ,Gregorius      ,Clements              ,         4
 405 ,Devin          ,Gauntley              ,        64
 406 ,Winnah         ,Smethurst             ,        54
 407 ,Shannah        ,Standbrook            ,       121
 408 ,Augusta        ,Masser                ,       148
 409 ,Warden         ,Topaz                 ,        94
 410 ,Ernst          ,Ogilvy                ,       171
 411 ,Maddy          ,Stanion               ,        41
 412 ,Uri            ,Crone                 ,        82
 413 ,Cherise        ,Biles                 ,        92
 414 ,Kienan         ,Eskrick               ,        25
 415 ,Siana          ,Doyley                ,       127
 416 ,Rosemarie      ,Charlin               ,        28
 417 ,Nat            ,Culleford             ,         2
 418 ,Kasper         ,Bickerdyke            ,       145
 419 ,Cosmo          ,Little                ,       124
 420 ,Osgood         ,Redgrave              ,        22
 421 ,Karlen         ,Sebring               ,        39
 422 ,Julio          ,Gascoigne             ,         5
 423 ,Leoline        ,Botterill             ,         6
 424 ,Shirley        ,Cottie                ,        46
 425 ,Krystalle      ,Sarfati               ,        13
 426 ,Dewey          ,Allain                ,       104
 427 ,Rosetta        ,Nussey                ,        89
 428 ,Son            ,Froggatt              ,       138
 429 ,Benedetta      ,Carluccio             ,        34
 430 ,Pascal         ,Guilloton             ,       134
 431 ,Kirstyn        ,Penberthy             ,       101
 432 ,Edmon          ,Jory                  ,       141
 433 ,Butch          ,Eslemont              ,        28
 434 ,Kippie         ,Elcoate               ,        43
 435 ,Ulrich         ,Quinane               ,        37
 436 ,Andriana       ,Lensch                ,        92
 437 ,Haskel         ,De Blase              ,       102
 438 ,Lanni          ,Soar                  ,       141
 439 ,Teddie         ,Kupisz                ,        53
 440 ,Micky          ,Baswall               ,       154
 441 ,Heriberto      ,Tailby                ,       121
 442 ,Ottilie        ,Garber                ,        13
 443 ,Larina         ,Snare                 ,       102
 444 ,Leese          ,Todarello             ,       168
 445 ,Julianne       ,Attoc                 ,        44
 446 ,Shea           ,Melluish              ,       189
 447 ,Lani           ,MacConnel             ,        71
 448 ,Berna          ,Kempstone             ,        15
 449 ,Ekaterina      ,de la Valette Parisot ,       183
 450 ,Leah           ,Duffan                ,        42
 451 ,Ashely         ,Ezzle                 ,        20
 452 ,Helga          ,Jilkes                ,       185
 453 ,Ansley         ,Struys                ,        75
 454 ,Anthia         ,MacDermand            ,       180
 455 ,Melodee        ,Betham                ,        26
 456 ,Tessi          ,Cooke                 ,        78
 457 ,Lindie         ,Hansley               ,        47
 458 ,Carr           ,Meynell               ,       184
 459 ,Lu             ,Cokayne               ,       131
 460 ,Mirelle        ,Jowers                ,       191
 461 ,Daveta         ,Martindale            ,        24
 462 ,Eddie          ,Dripp                 ,        89
 463 ,Alleyn         ,Foxton                ,       132
 464 ,Anestassia     ,Carthew               ,       108
 465 ,Cilka          ,Argyle                ,       125
 466 ,Germana        ,Schoolcroft           ,       116
 467 ,Gabie          ,Varah                 ,        72
 468 ,Amie           ,Moret                 ,        77
 469 ,Dina           ,Gundry                ,       193
 470 ,Barry          ,Arundel               ,       192
 471 ,Peirce         ,Oulner                ,        72
 472 ,Marcy          ,Cock                  ,       130
 473 ,Ianthe         ,Isacsson              ,       151
 474 ,Aime           ,Mackriell             ,       157
 475 ,Norean         ,Lorraway              ,        99
 476 ,Aurilia        ,Bartocci              ,       137
 477 ,Rosco          ,Brooking              ,        22
 478 ,Cozmo          ,Liquorish             ,        69
 479 ,Karla          ,Pordal                ,        41
 480 ,Enid           ,Brosh                 ,       190
 481 ,Charita        ,Oxterby               ,        78
 482 ,Abbe           ,Moreside              ,        31
 483 ,Ellerey        ,Gamell                ,       123
 484 ,Ottilie        ,Mugg                  ,       195
 485 ,Pierette       ,Dashwood              ,       168
 486 ,Dorree         ,Buddles               ,        64
 487 ,Maude          ,Hackley               ,        21
 488 ,Benny          ,Dundredge             ,        60
 489 ,Silas          ,Bounde                ,       111
 490 ,Anne-marie     ,Caldaro               ,        64
 491 ,Dru            ,Bellanger             ,       137
 492 ,Yancey         ,Kensall               ,        35
 493 ,Dale           ,Tickle                ,        64
 494 ,Judie          ,Conachie              ,       163
 495 ,Sherm          ,Yarham                ,       196
 496 ,Estel          ,Rothera               ,       103
 497 ,Anatole        ,Bergen                ,       109
 498 ,Tod            ,Turville              ,        18
 499 ,Aubree         ,Wheelwright           ,        11
 500 ,Risa           ,Vanyashkin            ,       116
 501 ,Dorthea        ,De la Barre           ,       127
 502 ,Koral          ,Cowherd               ,         4
 503 ,Greer          ,Berling               ,       115
 504 ,Brig           ,Pringley              ,        22
 505 ,Cletis         ,Geoghegan             ,       171
 506 ,Wake           ,Dehn                  ,        79
 507 ,Talia          ,Byles                 ,        24
 508 ,Collin         ,Chasmer               ,        33
 509 ,Melania        ,Ranstead              ,       141
 510 ,Parry          ,Tuther                ,       163
 511 ,Helenka        ,Davis                 ,         4
 512 ,Olva           ,Kalb                  ,        42
 513 ,Kleon          ,Ganter                ,       163
 514 ,Harli          ,Boxe                  ,       170
 515 ,Jobye          ,Dearl                 ,       121
 516 ,Ulric          ,Petrelli              ,       121
 517 ,Livvie         ,Bartoli               ,         5
 518 ,Hilliard       ,Bratten               ,       147
 519 ,Althea         ,Lakenton              ,       146
 520 ,Wilhelmina     ,Fagge                 ,        81
 521 ,Marcellus      ,Liddard               ,        70
 522 ,George         ,Heffer                ,        88
 523 ,Rianon         ,Staynes               ,        35
 524 ,Jock           ,Bonsall               ,       154
 525 ,Christy        ,Ales                  ,        19
 526 ,Trent          ,Collett               ,        93
 527 ,Perrine        ,Landal                ,        86
 528 ,Kesley         ,Donoher               ,       123
 529 ,Myrtia         ,Elldred               ,       181
 530 ,Garth          ,Wabb                  ,         2
 531 ,Niki           ,Hallward              ,        53
 532 ,Ferris         ,Wallenger             ,        20
 533 ,Nerta          ,Langelay              ,        20
 534 ,Gail           ,Streader              ,        79
 535 ,Raoul          ,Pickhaver             ,        11
 536 ,Marla          ,Stephens              ,        89
 537 ,Bili           ,Deverill              ,        31
 538 ,Deane          ,Kollasch              ,        79
 539 ,Hertha         ,Finnan                ,        74
 540 ,Jo-anne        ,Marcum                ,       142
 541 ,Sandy          ,Patroni               ,       128
 542 ,Koo            ,Germann               ,       122
 543 ,Carol-jean     ,Dewing                ,       191
 544 ,Jamill         ,Accomb                ,        35
 545 ,Rosalinde      ,Gogan                 ,       116
 546 ,Modesty        ,Legge                 ,        53
 547 ,Shaw           ,Poulter               ,        18
 548 ,Ilse           ,Elliman               ,        58
 549 ,Dalenna        ,Vonderdell            ,       177
 550 ,Payton         ,Dwyr                  ,        87
 551 ,Haydon         ,Keneford              ,       195
 552 ,Vale           ,Gregolin              ,        81
 553 ,Emanuele       ,Prettyman             ,       165
 554 ,Harv           ,Maccrea               ,        22
 555 ,Melba          ,Follis                ,        12
 556 ,Alvin          ,Wadsworth             ,        26
 557 ,Ethe           ,Ordelt                ,       185
 558 ,Dennet         ,Pallesen              ,        69
 559 ,Joan           ,Fellgett              ,       176
 560 ,Lyell          ,Beer                  ,       135
 561 ,Sebastian      ,Craighead             ,        46
 562 ,Tuckie         ,Wagnerin              ,        25
 563 ,Estelle        ,Wigzell               ,        61
 564 ,Ashby          ,Jarvie                ,       107
 565 ,Budd           ,Klimczak              ,       186
 566 ,Bobbie         ,Krugmann              ,       107
 567 ,Gerik          ,Houseman              ,       130
 568 ,Danita         ,Braxay                ,       142
 569 ,Edmund         ,Drewe                 ,       119
 570 ,Caspar         ,Rosenfield            ,       178
 571 ,Arnoldo        ,Kumar                 ,       182
 572 ,Weber          ,Lujan                 ,        91
 573 ,Northrup       ,Whyffen               ,       128
 574 ,Isadore        ,Boaler                ,       172
 575 ,Marnie         ,Sneaker               ,       182
 576 ,Fayre          ,Clemes                ,       132
 577 ,Marven         ,Meagher               ,       141
 578 ,Helenelizabeth ,McGuirk               ,        97
 579 ,Joscelin       ,Scrimshire            ,        44
 580 ,Viki           ,Dibdin                ,        78
 581 ,Rosalinda      ,Perrygo               ,       157
 582 ,Maximo         ,Luckes                ,        90
 583 ,Wash           ,Bigley                ,        76
 584 ,Camila         ,Chalmers              ,        73
 585 ,Sula           ,Killner               ,       113
 586 ,Uri            ,Lequeux               ,        92
 587 ,Illa           ,Handrick              ,        51
 588 ,Walton         ,Zwicker               ,        37
 589 ,Gertrud        ,L'Hommee              ,       132
 590 ,Merci          ,Dryden                ,        59
 591 ,Enrica         ,Josephsen             ,         7
 592 ,Myrlene        ,Starford              ,        92
 593 ,Christiana     ,Bushill               ,       149
 594 ,Keene          ,Guilford              ,         3
 595 ,Kerry          ,McPhelimey            ,       149
 596 ,Klara          ,Boggers               ,        51
 597 ,Gusta          ,McCreery              ,        97
 598 ,Bendicty       ,Kennett               ,       109
 599 ,Obadiah        ,Taffs                 ,       178
 600 ,Alic           ,Standen               ,        24
 601 ,Erminia        ,Windram               ,       135
 602 ,Lydie          ,Bathersby             ,        84
 603 ,Abramo         ,Howes                 ,       180
 604 ,Esme           ,Booler                ,        73
 605 ,Mathian        ,Sponer                ,       109
 606 ,Bone           ,Master                ,       181
 607 ,Ogdan          ,Gabala                ,       126
 608 ,Ralph          ,Braybrook             ,       169
 609 ,Bliss          ,Rodgier               ,        52
 610 ,Marigold       ,Hugh                  ,        87
 611 ,Celestine      ,Boulsher              ,       167
 612 ,Rodge          ,Ruslin                ,       108
 613 ,Grannie        ,Petroselli            ,       148
 614 ,Valida         ,Norley                ,        57
 615 ,Saloma         ,Baudon                ,       126
 616 ,Damiano        ,Beacon                ,       104
 617 ,Neel           ,Reinbech              ,       147
 618 ,Carlye         ,Churchlow             ,        23
 619 ,Devlin         ,Learman               ,        69
 620 ,Micky          ,Caller                ,       104
 621 ,Ilse           ,Rainsden              ,         8
 622 ,Elene          ,Riding                ,        90
 623 ,Melita         ,Flement               ,       130
 624 ,Aldis          ,Darey                 ,       124
 625 ,Idalina        ,McVeighty             ,        30
 626 ,Glyn           ,Neagle                ,       139
 627 ,Lenette        ,Whelband              ,       185
 628 ,Rebekkah       ,Strettle              ,        72
 629 ,Powell         ,Pessel                ,        28
 630 ,Truda          ,Salling               ,        78
 631 ,Tisha          ,Sommerville           ,       109
 632 ,Marian         ,Klaaasen              ,        60
 633 ,Willard        ,Szantho               ,        26
 634 ,Vivianne       ,Coppenhall            ,       182
 635 ,Allard         ,Piser                 ,        78
 636 ,Jo ann         ,McGooch               ,         1
 637 ,Keane          ,Vineall               ,       153
 638 ,Franky         ,Whittaker             ,       156
 639 ,Temple         ,Lickorish             ,        57
 640 ,Timothy        ,Heymes                ,       117
 641 ,Thorin         ,Heaslip               ,       189
 642 ,Jeannine       ,Moroney               ,        60
 643 ,Franky         ,Hooban                ,        68
 644 ,Frankie        ,Pascoe                ,       151
 645 ,Trever         ,Sirmond               ,       118
 646 ,Noe            ,Durante               ,       103
 647 ,Sinclair       ,Staziker              ,       166
 648 ,Kimberli       ,Gyenes                ,         6
 649 ,Hakim          ,Dobson                ,        47
 650 ,Nanon          ,Bleas                 ,        71
 651 ,Boonie         ,Blondell              ,       127
 652 ,Anetta         ,Fomichkin             ,       122
 653 ,Annabella      ,Cansfield             ,        52
 654 ,Brenden        ,Westgate              ,       119
 655 ,Thibaut        ,Dobrovsky             ,       125
 656 ,Stearne        ,Wrotham               ,       189
 657 ,Zebedee        ,Howles                ,       153
 658 ,Stephie        ,Loadman               ,        92
 659 ,Christophe     ,McCullock             ,       126
 660 ,Demetrius      ,Allard                ,        57
 661 ,Corrie         ,Baiss                 ,       197
 662 ,Judd           ,Leary                 ,        14
 663 ,Joaquin        ,Pesticcio             ,        47
 664 ,Madalena       ,Graysmark             ,        98
 665 ,Damiano        ,Savery                ,       141
 666 ,Dianna         ,Brager                ,       189
 667 ,Igor           ,Marrow                ,       111
 668 ,Tallou         ,Canadas               ,       111
 669 ,Peta           ,Bewlay                ,        91
 670 ,Clement        ,Walding               ,       199
 671 ,Arnaldo        ,Sprionghall           ,       195
 672 ,Dexter         ,Parke                 ,        32
 673 ,Salli          ,Stanett               ,       180
 674 ,Addia          ,Gyngyll               ,       197
 675 ,Theodoric      ,Gourlay               ,       120
 676 ,Babs           ,Cobbin                ,       174
 677 ,Gabbie         ,Toman                 ,       124
 678 ,Brannon        ,Seville               ,        14
 679 ,Ferris         ,Prenty                ,       138
 680 ,Mirella        ,Coxen                 ,       124
 681 ,Betteann       ,Fintoph               ,       113
 682 ,Anselma        ,Aiton                 ,       158
 683 ,Neysa          ,Hailes                ,       180
 684 ,Karol          ,Sanz                  ,       200
 685 ,Jessalin       ,Richardin             ,       112
 686 ,Ardath         ,Boorman               ,       170
 687 ,Vince          ,Greveson              ,       168
 688 ,Doralia        ,Rablin                ,        31
 689 ,Dicky          ,Abberley              ,        71
 690 ,Samaria        ,Saunderson            ,       146
 691 ,Andriana       ,Bevans                ,       104
 692 ,Janith         ,Pumfrey               ,       188
 693 ,Kippie         ,Barthorpe             ,        71
 694 ,Cassy          ,Espadate              ,        84
 695 ,Mora           ,Gurnay                ,       128
 696 ,Brant          ,Olney                 ,       101
 697 ,Powell         ,Beauchop              ,       114
 698 ,Zorina         ,Hattiff               ,       118
 699 ,Ingmar         ,Donovin               ,        42
 700 ,Boigie         ,Maccrea               ,       172
 701 ,Kirsteni       ,Faltin                ,        60
 702 ,Emmery         ,Madner                ,         7
 703 ,Brendin        ,Beringer              ,       158
 704 ,Eddy           ,Donnelly              ,        93
 705 ,Chaim          ,Tranckle              ,       189
 706 ,Tresa          ,Blastock              ,       168
 707 ,Horatius       ,Craw                  ,        18
 708 ,Genvieve       ,Halloran              ,        85
 709 ,Alf            ,Jiggle                ,        39
 710 ,Tonia          ,Cartmael              ,       132
 711 ,Archie         ,O'Hara                ,       130
 712 ,Zsa zsa        ,Rushbrook             ,       138
 713 ,Ailee          ,Kairns                ,        86
 714 ,Timmy          ,Whitworth             ,       196
 715 ,Brantley       ,Engel                 ,        66
 716 ,Broderick      ,Salan                 ,        67
 717 ,Dorey          ,Standell              ,       123
 718 ,Barry          ,Walkinshaw            ,       195
 719 ,Jordain        ,Bletcher              ,        26
 720 ,Waldo          ,Sarah                 ,       156
 721 ,Alverta        ,Caramuscia            ,       158
 722 ,Billie         ,Bentham3              ,       127
 723 ,Whittaker      ,Bazylets              ,       196
 724 ,Vania          ,Abbett                ,        21
 725 ,Saree          ,Cromblehome           ,       195
 726 ,Mira           ,Rosenfarb             ,       156
 727 ,Sigismund      ,Faraker               ,       154
 728 ,Bebe           ,Gerrad                ,        22
 729 ,Lenna          ,Tapton                ,        52
 730 ,Koral          ,Beckworth             ,       149
 731 ,Georgena       ,Limprecht             ,        49
 732 ,Marna          ,Izon                  ,        96
 733 ,Morissa        ,Consterdine           ,       110
 734 ,Trey           ,Meadway               ,        33
 735 ,Spencer        ,Leggon                ,        89
 736 ,Ethelyn        ,Philbrook             ,       131
 737 ,Sherman        ,Vaissiere             ,       133
 738 ,Joanne         ,Ramage                ,        70
 739 ,Trev           ,Levine                ,        65
 740 ,Cristin        ,Devanney              ,       146
 741 ,Ricki          ,Szanto                ,       166
 742 ,Esme           ,Rait                  ,        60
 743 ,Valle          ,Isakov                ,        74
 744 ,Orsola         ,Cumbes                ,       126
 745 ,Norene         ,Vonasek               ,        87
 746 ,Kessiah        ,Draper                ,        96
 747 ,Hube           ,Tenby                 ,       126
 748 ,Michail        ,Boyall                ,       154
 749 ,Merrill        ,Thacke                ,       125
 750 ,Cody           ,Petrakov              ,        51
 751 ,Yoko           ,Eggerton              ,       119
 752 ,Pearla         ,Stothert              ,       151
 753 ,Aida           ,Smittoune             ,        39
 754 ,Valentia       ,Blakemore             ,        54
 755 ,Forester       ,Deehan                ,       134
 756 ,Rurik          ,Pyrke                 ,        84
 757 ,Gnni           ,Harrismith            ,        16
 758 ,Cosme          ,Ambrosini             ,       127
 759 ,Andriette      ,Maffi                 ,        60
 760 ,Tiphany        ,Iskowicz              ,       134
 761 ,Berty          ,Laroze                ,        17
 762 ,Adele          ,Ackred                ,        34
 763 ,Lyndy          ,Hollingsby            ,       126
 764 ,Thelma         ,Cheyenne              ,        53
 765 ,Yorke          ,Figger                ,       118
 766 ,Christoph      ,Wragge                ,        31
 767 ,Lillian        ,Whitsun               ,       110
 768 ,Bendix         ,Lyste                 ,        91
 769 ,Jobyna         ,McCorkell             ,        55
 770 ,Bobinette      ,Goosey                ,       182
 771 ,Sebastiano     ,Fausset               ,        84
 772 ,Brady          ,Marian                ,        86
 773 ,Novelia        ,Senechell             ,        63
 774 ,Bonny          ,Yanele                ,        69
 775 ,Adolphus       ,Posten                ,        30
 776 ,Celestia       ,Wicks                 ,       167
 777 ,Kirby          ,Iannitti              ,        81
 778 ,Stinky         ,Brasted               ,       142
 779 ,Mason          ,Wanell                ,       119
 780 ,Walton         ,Pardy                 ,        86
 781 ,Porter         ,Sponder               ,       141
 782 ,Lina           ,Froud                 ,         2
 783 ,Kalli          ,Wadeling              ,       108
 784 ,Boyce          ,Alejandre             ,        18
 785 ,Terrill        ,Walhedd               ,        68
 786 ,Tome           ,Feary                 ,        60
 787 ,Genovera       ,Gascar                ,       163
 788 ,Nickie         ,Lebbon                ,        12
 789 ,Myrwyn         ,Muggleton             ,        45
 790 ,Jacklyn        ,Ritchie               ,        67
 791 ,Harrie         ,Waller-Bridge         ,       184
 792 ,Valle          ,Clarke                ,       186
 793 ,Kipp           ,Bett                  ,       148
 794 ,Oona           ,Henrionot             ,       144
 795 ,Mill           ,Rumble                ,        46
 796 ,Sandye         ,Wyss                  ,        73
 797 ,Emmit          ,Delepine              ,        16
 798 ,Eadmund        ,Colbertson            ,       125
 799 ,Sutherland     ,Itzkovwich            ,       167
 800 ,Marianne       ,MacPaike              ,       103
 801 ,Paulo          ,Toone                 ,       193
 802 ,Morena         ,Ivanchenkov           ,        68
 803 ,Mindy          ,Absalom               ,        30
 804 ,Lib            ,Flooks                ,        73
 805 ,Marie-jeanne   ,Gouda                 ,       159
 806 ,Sawyere        ,Stiller               ,       105
 807 ,Dari           ,Yurchenko             ,        47
 808 ,Darrelle       ,Faulkner              ,        43
 809 ,Myca           ,Condon                ,        46
 810 ,Desiree        ,German                ,        20
 811 ,Lyndy          ,Laird                 ,        88
 812 ,Marlene        ,Palister              ,       136
 813 ,Elnar          ,Bosche                ,        44
 814 ,Freda          ,Gallaher              ,        58
 815 ,Kahlil         ,Murphy                ,       179
 816 ,Melva          ,Larking               ,       187
 817 ,Rhett          ,Sedworth              ,       149
 818 ,Antonia        ,Auger                 ,       123
 819 ,Blair          ,Boc                   ,        92
 820 ,Clarissa       ,Acors                 ,        98
 821 ,Gare           ,Pietersma             ,        66
 822 ,Shurwood       ,Conti                 ,       100
 823 ,Wilden         ,Barrim                ,       153
 824 ,Xylina         ,Tollit                ,       102
 825 ,Yard           ,Merriton              ,       199
 826 ,Darla          ,Passfield             ,        10
 827 ,Redford        ,McCarrison            ,       111
 828 ,Bernard        ,Packe                 ,       129
 829 ,Bertina        ,Wigglesworth          ,        48
 830 ,Ron            ,Llop                  ,       135
 831 ,Merrilee       ,Foukx                 ,       144
 832 ,Natasha        ,Tuley                 ,        41
 833 ,Bartlett       ,Misson                ,         1
 834 ,Lind           ,Kearn                 ,       138
 835 ,Fernandina     ,Burkman               ,        76
 836 ,Fleur          ,Davet                 ,         9
 837 ,Lindsay        ,Schollick             ,       144
 838 ,Christabella   ,Moorcraft             ,        82
 839 ,Emmett         ,Flint                 ,       157
 840 ,Boote          ,Jellett               ,        55
 841 ,Isabel         ,Muff                  ,        93
 842 ,Beilul         ,Brassill              ,        35
 843 ,Nicholas       ,Glasscoo              ,        28
 844 ,Kirstin        ,Barff                 ,       184
 845 ,Carma          ,Geri                  ,        94
 846 ,Elbert         ,Curneen               ,        78
 847 ,Curr           ,Moth                  ,       193
 848 ,Anna           ,Faunt                 ,       173
 849 ,Lindsey        ,Everett               ,        10
 850 ,Wynne          ,Collocott             ,        91
 851 ,Elli           ,Michael               ,       164
 852 ,Burtie         ,Miller                ,       170
 853 ,Corie          ,Eard                  ,         5
 854 ,Hildy          ,Siward                ,        69
 855 ,Marina         ,Gypps                 ,       195
 856 ,Yvonne         ,Petrescu              ,       118
 857 ,Marnie         ,Ballston              ,        54
 858 ,Dannel         ,Haughey               ,        61
 859 ,Christophe     ,Crooks                ,       186
 860 ,Pegeen         ,Nourse                ,       132
 861 ,Issiah         ,De Bischop            ,       162
 862 ,Christoffer    ,Domokos               ,       107
 863 ,Eudora         ,Welland               ,       102
 864 ,Trenna         ,McVeigh               ,       176
 865 ,Charlotte      ,Writtle               ,         2
 866 ,Reider         ,Morl                  ,       144
 867 ,Jacky          ,Biggin                ,       119
 868 ,Christie       ,Collet                ,        84
 869 ,Holly          ,Sey                   ,       108
 870 ,Gusta          ,Dechelle              ,       165
 871 ,Charlie        ,Bearfoot              ,       120
 872 ,Scotti         ,McGahey               ,        62
 873 ,Alister        ,Shearme               ,       143
 874 ,Drucie         ,Swyre                 ,       100
 875 ,Viviene        ,Vedekhin              ,        72
 876 ,Ivie           ,McCloid               ,       182
 877 ,Enos           ,Nesbitt               ,       117
 878 ,Vivia          ,Richardet             ,        53
 879 ,Guillermo      ,Blunsen               ,        68
 880 ,Mechelle       ,Soans                 ,        63
 881 ,Harriet        ,Gorey                 ,       125
 882 ,Kaja           ,Landrick              ,       182
 883 ,Jessa          ,Gorner                ,       110
 884 ,Kendre         ,Kench                 ,       100
 885 ,Keir           ,Joberne               ,       133
 886 ,Rafi           ,Braham                ,        72
 887 ,Gerrilee       ,Merrilees             ,        87
 888 ,Bernice        ,Gallelli              ,       189
 889 ,Meg            ,Doghartie             ,       153
 890 ,Diana          ,Langdale              ,        12
 891 ,Judd           ,Coulthard             ,       159
 892 ,Rooney         ,Cianni                ,        19
 893 ,Mallissa       ,Childers              ,        80
 894 ,Ashlin         ,Wooding               ,        32
 895 ,Beckie         ,Pithcock              ,       156
 896 ,Bartie         ,Chattey               ,        39
 897 ,Lois           ,Marquot               ,       153
 898 ,Chick          ,Antoszczyk            ,       107
 899 ,Liva           ,Kuhn                  ,       125
 900 ,Tobe           ,Bansal                ,        40
 901 ,Bertine        ,Fullylove             ,       162
 902 ,Alexandra      ,Stieger               ,       178
 903 ,Idalina        ,Argont                ,       129
 904 ,Rayna          ,Stonhard              ,       123
 905 ,Gusta          ,Shalloo               ,       103
 906 ,Laura          ,Jubert                ,       157
 907 ,Rochell        ,Faithfull             ,         4
 908 ,Thebault       ,Flynn                 ,        99
 909 ,Dennie         ,Skivington            ,        89
 910 ,Idelle         ,Lothean               ,        35
 911 ,Cassius        ,Climpson              ,         9
 912 ,Yettie         ,Issett                ,        76
 913 ,Blaire         ,Lodemann              ,       186
 914 ,Vin            ,GiacobbiniJacob       ,        39
 915 ,Tildie         ,Sperwell              ,        70
 916 ,Jacob          ,Godard                ,       173
 917 ,Kellen         ,Barcke                ,       164
 918 ,Mahmoud        ,Castell               ,        80
 919 ,Blinny         ,Tozer                 ,        20
 920 ,Sammy          ,Swinfen               ,        27
 921 ,Sean           ,Sauven                ,       114
 922 ,Otes           ,Morrant               ,       145
 923 ,Barnabas       ,Meadowcraft           ,        57
 924 ,Dannie         ,Aronstein             ,        44
 925 ,Benji          ,Balchin               ,        39
 926 ,Erin           ,Giamelli              ,        41
 927 ,Fae            ,Lawland               ,        12
 928 ,Tiffi          ,Denidge               ,        70
 929 ,Shawn          ,Casaccio              ,       165
 930 ,Leontine       ,Alexsandrowicz        ,         9
 931 ,Biddie         ,Baszkiewicz           ,        19
 932 ,Layton         ,Downer                ,       159
 933 ,Delia          ,Pierson               ,       198
 934 ,Annmarie       ,Simchenko             ,        35
 935 ,Jamill         ,Guillain              ,       195
 936 ,Loren          ,Ledner                ,       184
 937 ,Marybeth       ,Babinski              ,        69
 938 ,Brnaby         ,Pyvis                 ,       167
 939 ,Dorette        ,Doole                 ,        12
 940 ,Bren           ,Marsh                 ,        51
 941 ,Hanni          ,Charles               ,        51
 942 ,Othelia        ,Corke                 ,        18
 943 ,Cristal        ,Lipmann               ,       122
 944 ,Blakeley       ,Mower                 ,        78
 945 ,Martguerita    ,Antonich              ,       192
 946 ,Pierce         ,Esberger              ,       115
 947 ,Spence         ,Eates                 ,        96
 948 ,Nichole        ,Flint                 ,        46
 949 ,Shane          ,Besse                 ,       181
 950 ,Melloney       ,Westphalen            ,        31
 951 ,Freddie        ,Duffield              ,        49
 952 ,Ertha          ,Caven                 ,        31
 953 ,Violante       ,Yankeev               ,       105
 954 ,Jillane        ,Mangan                ,        39
 955 ,Shirley        ,Ovill                 ,        68
 956 ,Melessa        ,Hucker                ,       146
 957 ,Aleda          ,Sergison              ,       120
 958 ,Roarke         ,Summersby             ,       187
 959 ,Celie          ,Eady                  ,       134
 960 ,Barbi          ,Covell                ,        23
 961 ,Julietta       ,Heimann               ,       200
 962 ,Lila           ,Blanshard             ,       187
 963 ,Wes            ,Benzing               ,        74
 964 ,Vladamir       ,Fayerman              ,        54
 965 ,Seward         ,Millen                ,        21
 966 ,Dianne         ,Aslie                 ,        61
 967 ,Caryl          ,Di Dello              ,        66
 968 ,Hermine        ,Allderidge            ,        43
 969 ,Wilona         ,Schroter              ,       106
 970 ,Paolo          ,Murcutt               ,        39
 971 ,Waylon         ,Spoole                ,       132
 972 ,Roselle        ,Fattore               ,       177
 973 ,Ruby           ,Cardall               ,        95
 974 ,Blair          ,McGriffin             ,        60
 975 ,Shelia         ,Kippling              ,        68
 976 ,Audi           ,Sidon                 ,        49
 977 ,Chan           ,Shwenn                ,        57
 978 ,Silvie         ,Northern              ,        84
 979 ,Dena           ,Franzotto             ,        44
 980 ,Weylin         ,Shapero               ,       153
 981 ,Anett          ,Laible                ,        36
 982 ,Josselyn       ,Jeakins               ,       101
 983 ,Tymothy        ,Klos                  ,        76
 984 ,Whittaker      ,Ditter                ,       171
 985 ,Emilia         ,Terbeck               ,       181
 986 ,Giffie         ,Lightoller            ,       183
 987 ,Jeanette       ,Dovydenas             ,       152
 988 ,Channa         ,Bottle                ,       152
 989 ,Frederik       ,Dunphy                ,        67
 990 ,Barnabe        ,Betteriss             ,       156
 991 ,Lanette        ,Dillon                ,       148
 992 ,Kristopher     ,Eburah                ,       196
 993 ,Orran          ,Cleland               ,       157
 994 ,Starlene       ,Tames                 ,       116
 995 ,Dianna         ,Huncote               ,       121
 996 ,Albrecht       ,Adriani               ,       105
 997 ,Chloette       ,Hadlow                ,       151
 998 ,Marthe         ,Byrd                  ,        72
 999 ,Cyrille        ,Colin                 ,        62
1000 ,Bentley        ,Shoute                ,        34
